{"cameraMode":{"drawMode":0,"name":"Shaded","section":"Shading Mode"},"sceneLighting":true,"audioPlay":false,"sceneViewState":{"m_AlwaysRefresh":false,"showFog":true,"showSkybox":true,"showFlares":true,"showImageEffects":true,"showParticleSystems":true,"showVisualEffectGraphs":true,"m_FxEnabled":true},"in2DMode":false,"pivot":{"x":1.5401275157928467,"y":-0.303830623626709,"z":4.284431457519531},"rotation":{"x":0.6985206007957459,"y":0.008586290292441845,"z":-0.008382651023566723,"w":0.7154898047447205},"size":6.1139116287231449,"orthographic":true}