{"cameraMode":{"drawMode":0,"name":"Shaded","section":"Shading Mode"},"sceneLighting":true,"audioPlay":false,"sceneViewState":{"m_AlwaysRefresh":false,"showFog":true,"showSkybox":true,"showFlares":true,"showImageEffects":true,"showParticleSystems":true,"showVisualEffectGraphs":true,"m_FxEnabled":true},"in2DMode":false,"pivot":{"x":32.18669128417969,"y":2.0632500648498537,"z":14.441727638244629},"rotation":{"x":0.7048689723014832,"y":0.012765333987772465,"z":-0.012689023278653622,"w":0.7091104984283447},"size":24.27398681640625,"orthographic":true}