{"cameraMode":{"drawMode":0,"name":"Shaded","section":"Shading Mode"},"sceneLighting":false,"audioPlay":false,"sceneViewState":{"m_AlwaysRefresh":false,"showFog":true,"showSkybox":false,"showFlares":true,"showImageEffects":true,"showParticleSystems":true,"showVisualEffectGraphs":true,"m_FxEnabled":true},"in2DMode":false,"pivot":{"x":0.1923925280570984,"y":-0.2974894642829895,"z":-0.21248120069503785},"rotation":{"x":0.07852528989315033,"y":-0.376053124666214,"z":0.03200302645564079,"w":0.9227111339569092},"size":2.4147512912750246,"orthographic":true}