{"cameraMode":{"drawMode":0,"name":"Shaded","section":"Shading Mode"},"sceneLighting":false,"audioPlay":false,"sceneViewState":{"m_AlwaysRefresh":false,"showFog":true,"showSkybox":false,"showFlares":true,"showImageEffects":true,"showParticleSystems":true,"showVisualEffectGraphs":true,"m_FxEnabled":true},"in2DMode":false,"pivot":{"x":2.700000047683716,"y":-0.824999988079071,"z":-0.019999999552965165},"rotation":{"x":0.013600926846265793,"y":0.9825392365455627,"z":-0.07976018637418747,"w":0.16754524409770966},"size":2.602782726287842,"orthographic":false}