{"cameraMode":{"drawMode":0,"name":"Shaded","section":"Shading Mode"},"sceneLighting":false,"audioPlay":false,"sceneViewState":{"m_AlwaysRefresh":false,"showFog":true,"showSkybox":false,"showFlares":true,"showImageEffects":true,"showParticleSystems":true,"showVisualEffectGraphs":true,"m_FxEnabled":true},"in2DMode":false,"pivot":{"x":4.050000190734863,"y":1.4520000219345093,"z":4.070000171661377},"rotation":{"x":-0.008222914300858975,"y":0.9906981587409973,"z":-0.06996013969182968,"w":-0.11644343286752701},"size":0.578685998916626,"orthographic":false}